type,concentration,time,rep1,rep2,rep3
Sand Filter,10,5,62.48357077,57.65262807,54.9358444
Sand Filter,10,15,69.30867849,72.71280022,71.57123666
Sand Filter,20,5,68.23844269,62.68291154,60.45987962
Sand Filter,20,15,82.61514928,72.67135123,67.93848149
Activated Carbon Filter,10,5,78.82923313,81.20981136,87.32824384
Activated Carbon Filter,10,15,83.82931522,75.43359878,83.8711185
Activated Carbon Filter,20,5,89.89606408,73.37541084,82.33764102
Activated Carbon Filter,20,15,93.83717365,87.18856235,82.87625907